{"train_accuracy": 0.48750001192092896, "train_loss": 2.0782697200775146, "train_csploss": 35.99077606201172, "valid_accuracy": 0.5, "valid_loss": 1.3684184551239014, "valid_csploss": 18.830516815185547, "run": 2, "epoch": 0, "_runtime": 481, "_timestamp": 1641252691, "_step": 36, "cv_acc_mean": 0.5800000429153442, "cv_acc_std": 0.2780512571334839, "cv_loss_mean": 0.7645282745361328}